,Reporter,Period,2nd Partner,2nd Partner Code,2nd Partner ISO,Aggregate Level,Alt Qty,Alt Qty Unit,Alt Qty Unit Code,CIF Trade Value (US$),Commodity Code,Customs,Customs Proc. Code,FOB Trade Value (US$),Flag,Gross weight (kg),Is Leaf Code,Mode of Transport,Mode of Transport Code,Netweight (kg),Partner Code,Partner ISO,Qty,Qty Unit,Qty Unit Code,Reporter Code,Reporter ISO,Trade Flow Code,Trade Value (US$),Unnamed: 0,Year
0,Algeria,201702.0,0.0,0.0,0.0,2.0,0.0,0.0,0.0,0.0,72.0,0.0,0.0,0.0,0.0,0.0,0.0,0.0,0.0,0.0,0.0,0.0,0.0,0.0,0.0,12.0,0.0,1.0,145819351.33333334,0.0,2019
1,Angola,201805.0,0.0,0.0,0.0,2.0,0.0,0.0,0.0,0.0,72.0,0.0,0.0,0.0,0.0,0.0,0.0,0.0,0.0,0.0,0.0,0.0,0.0,0.0,0.0,24.0,0.0,1.0,17354380.222222224,0.5925925925925926,2019
2,Antigua and Barbuda,201805.0,0.0,0.0,0.0,2.0,0.0,0.0,0.0,0.0,72.0,0.0,0.0,0.0,0.0,0.0,0.0,0.0,0.0,0.0,0.0,0.0,0.0,0.0,0.0,28.0,0.0,1.0,616579.0370370371,2.111111111111111,2019
3,Argentina,201805.0,0.0,0.0,0.0,2.0,0.0,0.0,0.0,0.0,72.0,0.0,0.0,0.0,0.0,0.0,0.0,0.0,0.0,0.0,0.0,0.0,0.0,0.0,0.0,32.0,0.0,1.0,88926463.62962963,5.148148148148148,2019
4,Armenia,201805.0,0.0,0.0,0.0,2.0,0.0,0.0,0.0,0.0,72.0,0.0,0.0,0.0,0.0,0.0,0.0,0.0,0.0,0.0,0.0,0.0,0.0,0.0,0.0,51.0,0.0,1.0,7525467.222222222,8.185185185185185,2019
5,Aruba,201902.0,0.0,0.0,0.0,2.0,0.0,0.0,0.0,0.0,72.0,0.0,0.0,0.0,0.0,0.0,0.0,0.0,0.0,0.0,0.0,0.0,0.0,0.0,0.0,533.0,0.0,1.0,531703.0,306.0,2019
6,Australia,201805.0,0.0,0.0,0.0,2.0,0.0,0.0,0.0,0.0,72.0,0.0,0.0,0.0,0.0,0.0,0.0,0.0,0.0,0.0,0.0,0.0,0.0,0.0,0.0,36.0,0.0,1.0,83067652.07407407,6.666666666666667,2019
7,Austria,201704.0,0.0,0.0,0.0,2.0,0.0,0.0,0.0,0.0,72.0,0.0,0.0,0.0,0.0,0.0,0.0,0.0,0.0,0.0,0.0,0.0,0.0,0.0,0.0,40.0,0.0,1.0,358793167.0,0.0,2019
8,Azerbaijan,201805.0,0.0,0.0,0.0,2.0,0.0,0.0,0.0,0.0,72.0,0.0,0.0,0.0,0.0,0.0,0.0,0.0,0.0,0.0,0.0,0.0,0.0,0.0,0.0,31.0,0.0,1.0,29366596.333333332,3.6296296296296298,2019
9,Bahrain,201755.0,0.0,0.0,0.0,2.0,0.0,0.0,0.0,0.0,72.0,0.0,0.0,0.0,0.0,0.0,0.0,0.0,0.0,0.0,0.0,0.0,0.0,0.0,0.0,48.0,0.0,1.0,30672215.277777776,0.0,2019
10,Barbados,201787.21739130435,0.0,0.0,0.0,2.0,0.0,0.0,0.0,0.0,72.0,0.0,0.0,0.0,0.0,0.0,0.0,0.0,0.0,0.0,0.0,0.0,0.0,0.0,0.0,52.0,0.0,1.0,876090.3478260869,6.521739130434782,2019
11,Belarus,201805.0,0.0,0.0,0.0,2.0,0.0,0.0,0.0,0.0,72.0,0.0,0.0,0.0,0.0,0.0,0.0,0.0,0.0,0.0,0.0,0.0,0.0,0.0,0.0,112.0,0.0,1.0,137954337.03703704,21.77777777777778,2019
12,Belgium,201805.0,0.0,0.0,0.0,2.0,0.0,0.0,0.0,0.0,72.0,0.0,0.0,0.0,0.0,0.0,0.0,0.0,0.0,0.0,0.0,0.0,0.0,0.0,0.0,56.0,0.0,1.0,1127939835.3703704,10.592592592592593,2019
13,Belize,201805.0,0.0,0.0,0.0,2.0,0.0,0.0,0.0,0.0,72.0,0.0,0.0,0.0,0.0,0.0,0.0,0.0,0.0,0.0,0.0,0.0,0.0,0.0,0.0,84.0,0.0,1.0,1860312.888888889,17.22222222222222,2019
14,Benin,201805.0,0.0,0.0,0.0,2.0,0.0,0.0,0.0,0.0,72.0,0.0,0.0,0.0,0.0,0.0,0.0,0.0,0.0,0.0,0.0,0.0,0.0,0.0,0.0,204.0,0.0,1.0,6070945.259259259,35.81481481481482,2019
15,Bermuda,201755.0,0.0,0.0,0.0,2.0,0.0,0.0,0.0,0.0,72.0,0.0,0.0,0.0,0.0,0.0,0.0,0.0,0.0,0.0,0.0,0.0,0.0,0.0,0.0,60.0,0.0,1.0,164100.33333333334,0.0,2019
16,Bolivia,201776.0,0.0,0.0,0.0,2.0,0.0,0.0,0.0,0.0,72.0,0.0,0.0,0.0,0.0,0.0,0.0,0.0,0.0,0.0,0.0,0.0,0.0,0.0,0.0,68.0,0.0,1.0,37098487.333333336,5.714285714285714,2019
17,Bosnia Herzegovina,201805.0,0.0,0.0,0.0,2.0,0.0,0.0,0.0,0.0,72.0,0.0,0.0,0.0,0.0,0.0,0.0,0.0,0.0,0.0,0.0,0.0,0.0,0.0,0.0,70.0,0.0,1.0,30956231.814814813,12.666666666666666,2019
18,Botswana,201805.0,0.0,0.0,0.0,2.0,0.0,0.0,0.0,0.0,72.0,0.0,0.0,0.0,0.0,0.0,0.0,0.0,0.0,0.0,0.0,0.0,0.0,0.0,0.0,72.0,0.0,1.0,5208740.888888889,14.185185185185185,2019
19,Brazil,201805.0,0.0,0.0,0.0,2.0,0.0,0.0,0.0,0.0,72.0,0.0,0.0,0.0,0.0,0.0,0.0,0.0,0.0,0.0,0.0,0.0,0.0,0.0,0.0,76.0,0.0,1.0,188710882.5925926,15.703703703703704,2019
20,Brunei Darussalam,201755.0,0.0,0.0,0.0,2.0,0.0,0.0,0.0,0.0,72.0,0.0,0.0,0.0,0.0,0.0,0.0,0.0,0.0,0.0,0.0,0.0,0.0,0.0,0.0,96.0,0.0,1.0,10521952.611111112,0.0,2019
21,Bulgaria,201805.0,0.0,0.0,0.0,2.0,0.0,0.0,0.0,0.0,72.0,0.0,0.0,0.0,0.0,0.0,0.0,0.0,0.0,0.0,0.0,0.0,0.0,0.0,0.0,100.0,0.0,1.0,109103915.4074074,20.25925925925926,2019
22,Burundi,201705.0,0.0,0.0,0.0,2.0,0.0,0.0,0.0,0.0,72.0,0.0,0.0,0.0,0.0,0.0,0.0,0.0,0.0,0.0,0.0,0.0,0.0,0.0,0.0,108.0,0.0,1.0,3015068.222222222,0.0,2019
23,Cabo Verde,201868.0,0.0,0.0,0.0,2.0,0.0,0.0,0.0,0.0,72.0,0.0,0.0,0.0,0.0,0.0,0.0,0.0,0.0,0.0,0.0,0.0,0.0,0.0,0.0,132.0,0.0,1.0,1255101.0,55.0,2019
24,Canada,201805.0,0.0,0.0,0.0,2.0,0.0,0.0,0.0,0.0,72.0,0.0,0.0,0.0,0.0,0.0,0.0,0.0,0.0,0.0,0.0,0.0,0.0,0.0,0.0,124.0,0.0,1.0,604299861.3703704,23.296296296296298,2019
25,Chile,201805.0,0.0,0.0,0.0,2.0,0.0,0.0,0.0,0.0,72.0,0.0,0.0,0.0,0.0,0.0,0.0,0.0,0.0,0.0,0.0,0.0,0.0,0.0,0.0,152.0,0.0,1.0,119397700.51851852,25.185185185185187,2019
26,China,201705.0,0.0,0.0,0.0,2.0,0.0,0.0,0.0,0.0,72.0,0.0,0.0,0.0,0.0,0.0,0.0,0.0,0.0,0.0,0.0,0.0,0.0,0.0,0.0,156.0,0.0,1.0,1760670266.6666667,0.0,2019
27,"China, Hong Kong SAR",201805.0,0.0,0.0,0.0,2.0,0.0,0.0,0.0,0.0,72.0,0.0,0.0,0.0,0.0,0.0,0.0,0.0,0.0,0.0,0.0,0.0,0.0,0.0,0.0,344.0,0.0,1.0,156327607.07407406,54.96296296296296,2019
28,"China, Macao SAR",201808.76,0.0,0.0,0.0,2.0,0.0,0.0,0.0,0.0,72.0,0.0,0.0,0.0,0.0,0.0,0.0,0.0,0.0,0.0,0.0,0.0,0.0,0.0,0.0,446.0,0.0,1.0,8543519.28,83.64,2019
29,Colombia,201805.0,0.0,0.0,0.0,2.0,0.0,0.0,0.0,0.0,72.0,0.0,0.0,0.0,0.0,0.0,0.0,0.0,0.0,0.0,0.0,0.0,0.0,0.0,0.0,170.0,0.0,1.0,138994928.7037037,26.703703703703702,2019
30,Comoros,201805.0,0.0,0.0,0.0,2.0,0.0,0.0,0.0,0.0,72.0,0.0,0.0,0.0,0.0,0.0,0.0,0.0,0.0,0.0,0.0,0.0,0.0,0.0,0.0,174.0,0.0,1.0,821105.7777777778,28.22222222222222,2019
31,Congo,201805.0,0.0,0.0,0.0,2.0,0.0,0.0,0.0,0.0,72.0,0.0,0.0,0.0,0.0,0.0,0.0,0.0,0.0,0.0,0.0,0.0,0.0,0.0,0.0,178.0,0.0,1.0,1581417.962962963,29.74074074074074,2019
32,Costa Rica,201801.5,0.0,0.0,0.0,2.0,0.0,0.0,0.0,0.0,72.0,0.0,0.0,0.0,0.0,0.0,0.0,0.0,0.0,0.0,0.0,0.0,0.0,0.0,0.0,188.0,0.0,1.0,53242636.0,0.0,2019
33,Croatia,201805.0,0.0,0.0,0.0,2.0,0.0,0.0,0.0,0.0,72.0,0.0,0.0,0.0,0.0,0.0,0.0,0.0,0.0,0.0,0.0,0.0,0.0,0.0,0.0,191.0,0.0,1.0,54484705.14814815,31.25925925925926,2019
34,Cyprus,201805.0,0.0,0.0,0.0,2.0,0.0,0.0,0.0,0.0,72.0,0.0,0.0,0.0,0.0,0.0,0.0,0.0,0.0,0.0,0.0,0.0,0.0,0.0,0.0,196.0,0.0,1.0,12375619.703703703,32.77777777777778,2019
35,Czech Rep.,201809.0,0.0,0.0,0.0,2.0,0.0,0.0,0.0,0.0,72.0,0.0,0.0,0.0,0.0,0.0,0.0,0.0,0.0,0.0,0.0,0.0,0.0,0.0,0.0,203.0,0.0,1.0,534294881.2692308,35.61538461538461,2019
36,CÃ´te d'Ivoire,201905.0,0.0,0.0,0.0,2.0,0.0,0.0,0.0,0.0,72.0,0.0,0.0,0.0,0.0,0.0,0.0,0.0,0.0,0.0,0.0,0.0,0.0,0.0,0.0,384.0,0.0,1.0,21158919.777777776,192.22222222222223,2019
37,Côte d'Ivoire,201755.0,0.0,0.0,0.0,2.0,0.0,0.0,0.0,0.0,72.0,0.0,0.0,0.0,0.0,0.0,0.0,0.0,0.0,0.0,0.0,0.0,0.0,0.0,0.0,384.0,0.0,1.0,20287183.833333332,0.0,2019
38,Denmark,201805.0,0.0,0.0,0.0,2.0,0.0,0.0,0.0,0.0,72.0,0.0,0.0,0.0,0.0,0.0,0.0,0.0,0.0,0.0,0.0,0.0,0.0,0.0,0.0,208.0,0.0,1.0,175481015.5925926,37.333333333333336,2019
39,Dominican Rep.,201802.0,0.0,0.0,0.0,2.0,0.0,0.0,0.0,0.0,72.0,0.0,0.0,0.0,0.0,0.0,0.0,0.0,0.0,0.0,0.0,0.0,0.0,0.0,0.0,214.0,0.0,1.0,49036387.0,0.0,2019
40,EU-28,201805.0,0.0,0.0,0.0,2.0,0.0,0.0,0.0,0.0,72.0,0.0,0.0,0.0,0.0,0.0,0.0,0.0,0.0,0.0,0.0,0.0,0.0,0.0,0.0,97.0,0.0,1.0,3206538826.148148,18.74074074074074,2019
41,Ecuador,201805.0,0.0,0.0,0.0,2.0,0.0,0.0,0.0,0.0,72.0,0.0,0.0,0.0,0.0,0.0,0.0,0.0,0.0,0.0,0.0,0.0,0.0,0.0,0.0,218.0,0.0,1.0,66001483.074074075,38.851851851851855,2019
42,Egypt,201805.0,0.0,0.0,0.0,2.0,0.0,0.0,0.0,0.0,72.0,0.0,0.0,0.0,0.0,0.0,0.0,0.0,0.0,0.0,0.0,0.0,0.0,0.0,0.0,818.0,0.0,1.0,313819527.7407407,138.07407407407408,2019
43,El Salvador,201805.0,0.0,0.0,0.0,2.0,0.0,0.0,0.0,0.0,72.0,0.0,0.0,0.0,0.0,0.0,0.0,0.0,0.0,0.0,0.0,0.0,0.0,0.0,0.0,222.0,0.0,1.0,31262952.296296295,40.370370370370374,2019
44,Estonia,201805.0,0.0,0.0,0.0,2.0,0.0,0.0,0.0,0.0,72.0,0.0,0.0,0.0,0.0,0.0,0.0,0.0,0.0,0.0,0.0,0.0,0.0,0.0,0.0,233.0,0.0,1.0,52031502.777777776,41.888888888888886,2019
45,Ethiopia,201755.0,0.0,0.0,0.0,2.0,0.0,0.0,0.0,0.0,72.0,0.0,0.0,0.0,0.0,0.0,0.0,0.0,0.0,0.0,0.0,0.0,0.0,0.0,0.0,231.0,0.0,1.0,64991279.61111111,0.0,2019
46,Finland,201805.0,0.0,0.0,0.0,2.0,0.0,0.0,0.0,0.0,72.0,0.0,0.0,0.0,0.0,0.0,0.0,0.0,0.0,0.0,0.0,0.0,0.0,0.0,0.0,246.0,0.0,1.0,207870539.07407406,43.407407407407405,2019
47,France,201755.0,0.0,0.0,0.0,2.0,0.0,0.0,0.0,0.0,72.0,0.0,0.0,0.0,0.0,0.0,0.0,0.0,0.0,0.0,0.0,0.0,0.0,0.0,0.0,251.0,0.0,1.0,1099990169.9444444,0.0,2019
48,Gambia,201805.0,0.0,0.0,0.0,2.0,0.0,0.0,0.0,0.0,72.0,0.0,0.0,0.0,0.0,0.0,0.0,0.0,0.0,0.0,0.0,0.0,0.0,0.0,0.0,270.0,0.0,1.0,657313.8888888889,46.44444444444444,2019
49,Georgia,201805.0,0.0,0.0,0.0,2.0,0.0,0.0,0.0,0.0,72.0,0.0,0.0,0.0,0.0,0.0,0.0,0.0,0.0,0.0,0.0,0.0,0.0,0.0,0.0,268.0,0.0,1.0,15807258.037037037,44.925925925925924,2019
50,Germany,201805.0,0.0,0.0,0.0,2.0,0.0,0.0,0.0,0.0,72.0,0.0,0.0,0.0,0.0,0.0,0.0,0.0,0.0,0.0,0.0,0.0,0.0,0.0,0.0,276.0,0.0,1.0,2549875646.851852,47.96296296296296,2019
51,Ghana,201805.0,0.0,0.0,0.0,2.0,0.0,0.0,0.0,0.0,72.0,0.0,0.0,0.0,0.0,0.0,0.0,0.0,0.0,0.0,0.0,0.0,0.0,0.0,0.0,288.0,0.0,1.0,32452434.259259257,49.48148148148148,2019
52,Greece,201805.0,0.0,0.0,0.0,2.0,0.0,0.0,0.0,0.0,72.0,0.0,0.0,0.0,0.0,0.0,0.0,0.0,0.0,0.0,0.0,0.0,0.0,0.0,0.0,300.0,0.0,1.0,109643144.2962963,51.0,2019
53,Greenland,201755.0,0.0,0.0,0.0,2.0,0.0,0.0,0.0,0.0,72.0,0.0,0.0,0.0,0.0,0.0,0.0,0.0,0.0,0.0,0.0,0.0,0.0,0.0,0.0,304.0,0.0,1.0,271880.8888888889,0.0,2019
54,Guatemala,201810.33333333334,0.0,0.0,0.0,2.0,0.0,0.0,0.0,0.0,72.0,0.0,0.0,0.0,0.0,0.0,0.0,0.0,0.0,0.0,0.0,0.0,0.0,0.0,0.0,320.0,0.0,1.0,56306499.0,78.77777777777777,2019
55,Guyana,201787.1739130435,0.0,0.0,0.0,2.0,0.0,0.0,0.0,0.0,72.0,0.0,0.0,0.0,0.0,0.0,0.0,0.0,0.0,0.0,0.0,0.0,0.0,0.0,0.0,328.0,0.0,1.0,3215470.8260869565,39.34782608695652,2019
56,Honduras,201705.0,0.0,0.0,0.0,2.0,0.0,0.0,0.0,0.0,72.0,0.0,0.0,0.0,0.0,0.0,0.0,0.0,0.0,0.0,0.0,0.0,0.0,0.0,0.0,340.0,0.0,1.0,28638318.333333332,0.0,2019
57,Hungary,201805.0,0.0,0.0,0.0,2.0,0.0,0.0,0.0,0.0,72.0,0.0,0.0,0.0,0.0,0.0,0.0,0.0,0.0,0.0,0.0,0.0,0.0,0.0,0.0,348.0,0.0,1.0,221954261.4814815,56.48148148148148,2019
58,Iceland,201805.0,0.0,0.0,0.0,2.0,0.0,0.0,0.0,0.0,72.0,0.0,0.0,0.0,0.0,0.0,0.0,0.0,0.0,0.0,0.0,0.0,0.0,0.0,0.0,352.0,0.0,1.0,4433827.407407408,58.0,2019
59,India,201805.0,0.0,0.0,0.0,2.0,0.0,0.0,0.0,0.0,72.0,0.0,0.0,0.0,0.0,0.0,0.0,0.0,0.0,0.0,0.0,0.0,0.0,0.0,0.0,699.0,0.0,1.0,951447867.1851852,116.4074074074074,2019
60,Indonesia,201705.0,0.0,0.0,0.0,2.0,0.0,0.0,0.0,0.0,72.0,0.0,0.0,0.0,0.0,0.0,0.0,0.0,0.0,0.0,0.0,0.0,0.0,0.0,0.0,360.0,0.0,1.0,605451499.3333334,0.0,2019
61,Ireland,201805.0,0.0,0.0,0.0,2.0,0.0,0.0,0.0,0.0,72.0,0.0,0.0,0.0,0.0,0.0,0.0,0.0,0.0,0.0,0.0,0.0,0.0,0.0,0.0,372.0,0.0,1.0,59054227.55555555,59.51851851851852,2019
62,Israel,201805.0,0.0,0.0,0.0,2.0,0.0,0.0,0.0,0.0,72.0,0.0,0.0,0.0,0.0,0.0,0.0,0.0,0.0,0.0,0.0,0.0,0.0,0.0,0.0,376.0,0.0,1.0,124154074.07407407,61.03703703703704,2019
63,Italy,201805.0,0.0,0.0,0.0,2.0,0.0,0.0,0.0,0.0,72.0,0.0,0.0,0.0,0.0,0.0,0.0,0.0,0.0,0.0,0.0,0.0,0.0,0.0,0.0,381.0,0.0,1.0,1767473235.5925925,62.55555555555556,2019
64,Japan,201805.0,0.0,0.0,0.0,2.0,0.0,0.0,0.0,0.0,72.0,0.0,0.0,0.0,0.0,0.0,0.0,0.0,0.0,0.0,0.0,0.0,0.0,0.0,0.0,392.0,0.0,1.0,646764878.8518518,65.5925925925926,2019
65,Jordan,201705.0,0.0,0.0,0.0,2.0,0.0,0.0,0.0,0.0,72.0,0.0,0.0,0.0,0.0,0.0,0.0,0.0,0.0,0.0,0.0,0.0,0.0,0.0,0.0,400.0,0.0,1.0,33231204.555555556,0.0,2019
66,Kazakhstan,201805.0,0.0,0.0,0.0,2.0,0.0,0.0,0.0,0.0,72.0,0.0,0.0,0.0,0.0,0.0,0.0,0.0,0.0,0.0,0.0,0.0,0.0,0.0,0.0,398.0,0.0,1.0,96031276.85185185,67.11111111111111,2019
67,Kenya,201769.65,0.0,0.0,0.0,2.0,0.0,0.0,0.0,0.0,72.0,0.0,0.0,0.0,0.0,0.0,0.0,0.0,0.0,0.0,0.0,0.0,0.0,0.0,0.0,404.0,0.0,1.0,70579658.4,22.95,2019
68,Kuwait,201705.0,0.0,0.0,0.0,2.0,0.0,0.0,0.0,0.0,72.0,0.0,0.0,0.0,0.0,0.0,0.0,0.0,0.0,0.0,0.0,0.0,0.0,0.0,0.0,414.0,0.0,1.0,81260102.77777778,0.0,2019
69,Kyrgyzstan,201801.0,0.0,0.0,0.0,2.0,0.0,0.0,0.0,0.0,72.0,0.0,0.0,0.0,0.0,0.0,0.0,0.0,0.0,0.0,0.0,0.0,0.0,0.0,0.0,417.0,0.0,1.0,14669331.73076923,66.3076923076923,2019
70,Lao People's Dem. Rep.,201905.0,0.0,0.0,0.0,2.0,0.0,0.0,0.0,0.0,72.0,0.0,0.0,0.0,0.0,0.0,0.0,0.0,0.0,0.0,0.0,0.0,0.0,0.0,0.0,418.0,0.0,1.0,22628482.333333332,215.66666666666666,2019
71,Latvia,201805.0,0.0,0.0,0.0,2.0,0.0,0.0,0.0,0.0,72.0,0.0,0.0,0.0,0.0,0.0,0.0,0.0,0.0,0.0,0.0,0.0,0.0,0.0,0.0,428.0,0.0,1.0,56320211.88888889,73.4074074074074,2019
72,Lithuania,201805.0,0.0,0.0,0.0,2.0,0.0,0.0,0.0,0.0,72.0,0.0,0.0,0.0,0.0,0.0,0.0,0.0,0.0,0.0,0.0,0.0,0.0,0.0,0.0,440.0,0.0,1.0,65571154.11111111,74.92592592592592,2019
73,Luxembourg,201791.95652173914,0.0,0.0,0.0,2.0,0.0,0.0,0.0,0.0,72.0,0.0,0.0,0.0,0.0,0.0,0.0,0.0,0.0,0.0,0.0,0.0,0.0,0.0,0.0,442.0,0.0,1.0,119641979.91304348,58.69565217391305,2019
74,Madagascar,201805.0,0.0,0.0,0.0,2.0,0.0,0.0,0.0,0.0,72.0,0.0,0.0,0.0,0.0,0.0,0.0,0.0,0.0,0.0,0.0,0.0,0.0,0.0,0.0,450.0,0.0,1.0,7338326.925925926,78.96296296296296,2019
75,Malaysia,201762.68421052632,0.0,0.0,0.0,2.0,0.0,0.0,0.0,0.0,72.0,0.0,0.0,0.0,0.0,0.0,0.0,0.0,0.0,0.0,0.0,0.0,0.0,0.0,0.0,458.0,0.0,1.0,497664094.7368421,14.157894736842104,2019
76,Maldives,201805.0,0.0,0.0,0.0,2.0,0.0,0.0,0.0,0.0,72.0,0.0,0.0,0.0,0.0,0.0,0.0,0.0,0.0,0.0,0.0,0.0,0.0,0.0,0.0,462.0,0.0,1.0,7840026.666666667,0.0,2019
77,Malta,201824.6,0.0,0.0,0.0,2.0,0.0,0.0,0.0,0.0,72.0,0.0,0.0,0.0,0.0,0.0,0.0,0.0,0.0,0.0,0.0,0.0,0.0,0.0,0.0,470.0,0.0,1.0,2727004.0,145.2,2019
78,Mauritius,201805.0,0.0,0.0,0.0,2.0,0.0,0.0,0.0,0.0,72.0,0.0,0.0,0.0,0.0,0.0,0.0,0.0,0.0,0.0,0.0,0.0,0.0,0.0,0.0,480.0,0.0,1.0,22351639.925925925,82.18518518518519,2019
79,Mexico,201805.0,0.0,0.0,0.0,2.0,0.0,0.0,0.0,0.0,72.0,0.0,0.0,0.0,0.0,0.0,0.0,0.0,0.0,0.0,0.0,0.0,0.0,0.0,0.0,484.0,0.0,1.0,927011460.6296296,83.70370370370371,2019
80,Mongolia,201805.0,0.0,0.0,0.0,2.0,0.0,0.0,0.0,0.0,72.0,0.0,0.0,0.0,0.0,0.0,0.0,0.0,0.0,0.0,0.0,0.0,0.0,0.0,0.0,496.0,0.0,1.0,13966924.962962963,85.22222222222223,2019
81,Montenegro,201801.0,0.0,0.0,0.0,2.0,0.0,0.0,0.0,0.0,72.0,0.0,0.0,0.0,0.0,0.0,0.0,0.0,0.0,0.0,0.0,0.0,0.0,0.0,0.0,499.0,0.0,1.0,6081555.884615385,82.96153846153847,2019
82,Morocco,201855.0,0.0,0.0,0.0,2.0,0.0,0.0,0.0,0.0,72.0,0.0,0.0,0.0,0.0,0.0,0.0,0.0,0.0,0.0,0.0,0.0,0.0,0.0,0.0,504.0,0.0,1.0,116636597.0,134.44444444444446,2019
83,Mozambique,201755.0,0.0,0.0,0.0,2.0,0.0,0.0,0.0,0.0,72.0,0.0,0.0,0.0,0.0,0.0,0.0,0.0,0.0,0.0,0.0,0.0,0.0,0.0,0.0,508.0,0.0,1.0,9653783.777777778,0.0,2019
84,Myanmar,201755.0,0.0,0.0,0.0,2.0,0.0,0.0,0.0,0.0,72.0,0.0,0.0,0.0,0.0,0.0,0.0,0.0,0.0,0.0,0.0,0.0,0.0,0.0,0.0,104.0,0.0,1.0,79229573.94444445,0.0,2019
85,Namibia,201705.0,0.0,0.0,0.0,2.0,0.0,0.0,0.0,0.0,72.0,0.0,0.0,0.0,0.0,0.0,0.0,0.0,0.0,0.0,0.0,0.0,0.0,0.0,0.0,516.0,0.0,1.0,7214630.777777778,0.0,2019
86,Netherlands,201704.0,0.0,0.0,0.0,2.0,0.0,0.0,0.0,0.0,72.0,0.0,0.0,0.0,0.0,0.0,0.0,0.0,0.0,0.0,0.0,0.0,0.0,0.0,0.0,528.0,0.0,1.0,948211284.7142857,0.0,2019
87,New Zealand,201805.0,0.0,0.0,0.0,2.0,0.0,0.0,0.0,0.0,72.0,0.0,0.0,0.0,0.0,0.0,0.0,0.0,0.0,0.0,0.0,0.0,0.0,0.0,0.0,554.0,0.0,1.0,29543886.0,91.70370370370371,2019
88,Nigeria,201802.0,0.0,0.0,0.0,2.0,0.0,0.0,0.0,0.0,72.0,0.0,0.0,0.0,0.0,0.0,0.0,0.0,0.0,0.0,0.0,0.0,0.0,0.0,0.0,566.0,0.0,1.0,45213723.333333336,0.0,2019
89,Norway,201805.0,0.0,0.0,0.0,2.0,0.0,0.0,0.0,0.0,72.0,0.0,0.0,0.0,0.0,0.0,0.0,0.0,0.0,0.0,0.0,0.0,0.0,0.0,0.0,579.0,0.0,1.0,71286780.44444445,93.22222222222223,2019
90,Oman,201805.0,0.0,0.0,0.0,2.0,0.0,0.0,0.0,0.0,72.0,0.0,0.0,0.0,0.0,0.0,0.0,0.0,0.0,0.0,0.0,0.0,0.0,0.0,0.0,512.0,0.0,1.0,139246115.66666666,0.0,2019
91,Pakistan,201805.0,0.0,0.0,0.0,2.0,0.0,0.0,0.0,0.0,72.0,0.0,0.0,0.0,0.0,0.0,0.0,0.0,0.0,0.0,0.0,0.0,0.0,0.0,0.0,586.0,0.0,1.0,288834841.5925926,95.29629629629629,2019
92,Palau,201902.0,0.0,0.0,0.0,2.0,0.0,0.0,0.0,0.0,72.0,0.0,0.0,0.0,0.0,0.0,0.0,0.0,0.0,0.0,0.0,0.0,0.0,0.0,0.0,585.0,0.0,1.0,289902.3333333333,319.0,2019
93,Panama,201725.66666666666,0.0,0.0,0.0,2.0,0.0,0.0,0.0,0.0,72.0,0.0,0.0,0.0,0.0,0.0,0.0,0.0,0.0,0.0,0.0,0.0,0.0,0.0,0.0,591.0,0.0,1.0,27969465.666666668,0.0,2019
94,Paraguay,201805.0,0.0,0.0,0.0,2.0,0.0,0.0,0.0,0.0,72.0,0.0,0.0,0.0,0.0,0.0,0.0,0.0,0.0,0.0,0.0,0.0,0.0,0.0,0.0,600.0,0.0,1.0,24148144.111111112,96.81481481481481,2019
95,Peru,201805.0,0.0,0.0,0.0,2.0,0.0,0.0,0.0,0.0,72.0,0.0,0.0,0.0,0.0,0.0,0.0,0.0,0.0,0.0,0.0,0.0,0.0,0.0,0.0,604.0,0.0,1.0,127322913.4074074,98.33333333333333,2019
96,Philippines,201801.11538461538,0.0,0.0,0.0,2.0,0.0,0.0,0.0,0.0,72.0,0.0,0.0,0.0,0.0,0.0,0.0,0.0,0.0,0.0,0.0,0.0,0.0,0.0,0.0,608.0,0.0,1.0,366013772.8076923,93.96153846153847,2019
97,Poland,201805.0,0.0,0.0,0.0,2.0,0.0,0.0,0.0,0.0,72.0,0.0,0.0,0.0,0.0,0.0,0.0,0.0,0.0,0.0,0.0,0.0,0.0,0.0,0.0,616.0,0.0,1.0,800539340.4814814,101.22222222222223,2019
98,Portugal,201805.0,0.0,0.0,0.0,2.0,0.0,0.0,0.0,0.0,72.0,0.0,0.0,0.0,0.0,0.0,0.0,0.0,0.0,0.0,0.0,0.0,0.0,0.0,0.0,620.0,0.0,1.0,241310798.0,102.74074074074075,2019
99,Qatar,201855.0,0.0,0.0,0.0,2.0,0.0,0.0,0.0,0.0,72.0,0.0,0.0,0.0,0.0,0.0,0.0,0.0,0.0,0.0,0.0,0.0,0.0,0.0,0.0,634.0,0.0,1.0,36086489.55555555,156.38888888888889,2019
100,Rep. of Korea,201805.0,0.0,0.0,0.0,2.0,0.0,0.0,0.0,0.0,72.0,0.0,0.0,0.0,0.0,0.0,0.0,0.0,0.0,0.0,0.0,0.0,0.0,0.0,0.0,410.0,0.0,1.0,1374015731.4814816,69.0,2019
101,Rep. of Moldova,201805.0,0.0,0.0,0.0,2.0,0.0,0.0,0.0,0.0,72.0,0.0,0.0,0.0,0.0,0.0,0.0,0.0,0.0,0.0,0.0,0.0,0.0,0.0,0.0,498.0,0.0,1.0,8367733.333333333,86.74074074074075,2019
102,Romania,201805.0,0.0,0.0,0.0,2.0,0.0,0.0,0.0,0.0,72.0,0.0,0.0,0.0,0.0,0.0,0.0,0.0,0.0,0.0,0.0,0.0,0.0,0.0,0.0,642.0,0.0,1.0,263931384.55555555,105.77777777777777,2019
103,Russian Federation,201805.0,0.0,0.0,0.0,2.0,0.0,0.0,0.0,0.0,72.0,0.0,0.0,0.0,0.0,0.0,0.0,0.0,0.0,0.0,0.0,0.0,0.0,0.0,0.0,643.0,0.0,1.0,431557747.5555556,107.29629629629629,2019
104,Rwanda,201805.0,0.0,0.0,0.0,2.0,0.0,0.0,0.0,0.0,72.0,0.0,0.0,0.0,0.0,0.0,0.0,0.0,0.0,0.0,0.0,0.0,0.0,0.0,0.0,646.0,0.0,1.0,7991742.444444444,108.81481481481481,2019
105,Saint Kitts and Nevis,201729.25,0.0,0.0,0.0,2.0,0.0,0.0,0.0,0.0,72.0,0.0,0.0,0.0,0.0,0.0,0.0,0.0,0.0,0.0,0.0,0.0,0.0,0.0,0.0,659.0,0.0,1.0,390100.0833333333,0.0,2019
106,Samoa,201786.18181818182,0.0,0.0,0.0,2.0,0.0,0.0,0.0,0.0,72.0,0.0,0.0,0.0,0.0,0.0,0.0,0.0,0.0,0.0,0.0,0.0,0.0,0.0,0.0,882.0,0.0,1.0,507368.0,0.0,2019
107,Sao Tome and Principe,201805.0,0.0,0.0,0.0,2.0,0.0,0.0,0.0,0.0,72.0,0.0,0.0,0.0,0.0,0.0,0.0,0.0,0.0,0.0,0.0,0.0,0.0,0.0,0.0,678.0,0.0,1.0,66653.29629629629,110.33333333333333,2019
108,Saudi Arabia,201705.0,0.0,0.0,0.0,2.0,0.0,0.0,0.0,0.0,72.0,0.0,0.0,0.0,0.0,0.0,0.0,0.0,0.0,0.0,0.0,0.0,0.0,0.0,0.0,682.0,0.0,1.0,220859483.7777778,0.0,2019
109,Senegal,201812.8,0.0,0.0,0.0,2.0,0.0,0.0,0.0,0.0,72.0,0.0,0.0,0.0,0.0,0.0,0.0,0.0,0.0,0.0,0.0,0.0,0.0,0.0,0.0,686.0,0.0,1.0,26232535.48,120.8,2019
110,Serbia,201805.0,0.0,0.0,0.0,2.0,0.0,0.0,0.0,0.0,72.0,0.0,0.0,0.0,0.0,0.0,0.0,0.0,0.0,0.0,0.0,0.0,0.0,0.0,0.0,688.0,0.0,1.0,52317735.333333336,113.37037037037037,2019
111,Seychelles,201805.0,0.0,0.0,0.0,2.0,0.0,0.0,0.0,0.0,72.0,0.0,0.0,0.0,0.0,0.0,0.0,0.0,0.0,0.0,0.0,0.0,0.0,0.0,0.0,690.0,0.0,1.0,1902497.6296296297,114.88888888888889,2019
112,Singapore,201805.0,0.0,0.0,0.0,2.0,0.0,0.0,0.0,0.0,72.0,0.0,0.0,0.0,0.0,0.0,0.0,0.0,0.0,0.0,0.0,0.0,0.0,0.0,0.0,702.0,0.0,1.0,218091696.92592594,117.92592592592592,2019
113,Slovakia,201805.0,0.0,0.0,0.0,2.0,0.0,0.0,0.0,0.0,72.0,0.0,0.0,0.0,0.0,0.0,0.0,0.0,0.0,0.0,0.0,0.0,0.0,0.0,0.0,703.0,0.0,1.0,233490255.1851852,119.44444444444444,2019
114,Slovenia,201805.0,0.0,0.0,0.0,2.0,0.0,0.0,0.0,0.0,72.0,0.0,0.0,0.0,0.0,0.0,0.0,0.0,0.0,0.0,0.0,0.0,0.0,0.0,0.0,705.0,0.0,1.0,130080594.48148148,120.96296296296296,2019
115,South Africa,201805.0,0.0,0.0,0.0,2.0,0.0,0.0,0.0,0.0,72.0,0.0,0.0,0.0,0.0,0.0,0.0,0.0,0.0,0.0,0.0,0.0,0.0,0.0,0.0,710.0,0.0,1.0,98215947.14814815,122.48148148148148,2019
116,Spain,201805.0,0.0,0.0,0.0,2.0,0.0,0.0,0.0,0.0,72.0,0.0,0.0,0.0,0.0,0.0,0.0,0.0,0.0,0.0,0.0,0.0,0.0,0.0,0.0,724.0,0.0,1.0,856602580.8518518,125.51851851851852,2019
117,State of Palestine,201755.0,0.0,0.0,0.0,2.0,0.0,0.0,0.0,0.0,72.0,0.0,0.0,0.0,0.0,0.0,0.0,0.0,0.0,0.0,0.0,0.0,0.0,0.0,0.0,275.0,0.0,1.0,21988166.944444444,0.0,2019
118,Swaziland,201805.0,0.0,0.0,0.0,2.0,0.0,0.0,0.0,0.0,72.0,0.0,0.0,0.0,0.0,0.0,0.0,0.0,0.0,0.0,0.0,0.0,0.0,0.0,0.0,748.0,0.0,1.0,2255046.5555555555,127.03703703703704,2019
119,Sweden,201805.0,0.0,0.0,0.0,2.0,0.0,0.0,0.0,0.0,72.0,0.0,0.0,0.0,0.0,0.0,0.0,0.0,0.0,0.0,0.0,0.0,0.0,0.0,0.0,752.0,0.0,1.0,400974598.5925926,128.55555555555554,2019
120,Switzerland,201805.0,0.0,0.0,0.0,2.0,0.0,0.0,0.0,0.0,72.0,0.0,0.0,0.0,0.0,0.0,0.0,0.0,0.0,0.0,0.0,0.0,0.0,0.0,0.0,757.0,0.0,1.0,222856833.85185185,130.07407407407408,2019
121,TFYR of Macedonia,201805.0,0.0,0.0,0.0,2.0,0.0,0.0,0.0,0.0,72.0,0.0,0.0,0.0,0.0,0.0,0.0,0.0,0.0,0.0,0.0,0.0,0.0,0.0,0.0,807.0,0.0,1.0,41832355.925925925,136.55555555555554,2019
122,Thailand,201769.65,0.0,0.0,0.0,2.0,0.0,0.0,0.0,0.0,72.0,0.0,0.0,0.0,0.0,0.0,0.0,0.0,0.0,0.0,0.0,0.0,0.0,0.0,0.0,764.0,0.0,1.0,955506427.0,44.15,2019
123,Togo,201805.0,0.0,0.0,0.0,2.0,0.0,0.0,0.0,0.0,72.0,0.0,0.0,0.0,0.0,0.0,0.0,0.0,0.0,0.0,0.0,0.0,0.0,0.0,0.0,768.0,0.0,1.0,6664285.703703703,131.96296296296296,2019
124,Turkey,201805.0,0.0,0.0,0.0,2.0,0.0,0.0,0.0,0.0,72.0,0.0,0.0,0.0,0.0,0.0,0.0,0.0,0.0,0.0,0.0,0.0,0.0,0.0,0.0,792.0,0.0,1.0,1402584921.074074,133.4814814814815,2019
125,Uganda,201829.25,0.0,0.0,0.0,2.0,0.0,0.0,0.0,0.0,72.0,0.0,0.0,0.0,0.0,0.0,0.0,0.0,0.0,0.0,0.0,0.0,0.0,0.0,0.0,800.0,0.0,1.0,30706845.416666668,113.5,2019
126,Ukraine,201792.5,0.0,0.0,0.0,2.0,0.0,0.0,0.0,0.0,72.0,0.0,0.0,0.0,0.0,0.0,0.0,0.0,0.0,0.0,0.0,0.0,0.0,0.0,0.0,804.0,0.0,1.0,102801764.33333333,99.875,2019
127,United Arab Emirates,201755.0,0.0,0.0,0.0,2.0,0.0,0.0,0.0,0.0,72.0,0.0,0.0,0.0,0.0,0.0,0.0,0.0,0.0,0.0,0.0,0.0,0.0,0.0,0.0,784.0,0.0,1.0,405569799.0,0.0,2019
128,United Kingdom,201805.0,0.0,0.0,0.0,2.0,0.0,0.0,0.0,0.0,72.0,0.0,0.0,0.0,0.0,0.0,0.0,0.0,0.0,0.0,0.0,0.0,0.0,0.0,0.0,826.0,0.0,1.0,536841931.1851852,139.59259259259258,2019
129,United Rep. of Tanzania,201805.0,0.0,0.0,0.0,2.0,0.0,0.0,0.0,0.0,72.0,0.0,0.0,0.0,0.0,0.0,0.0,0.0,0.0,0.0,0.0,0.0,0.0,0.0,0.0,834.0,0.0,1.0,33554053.555555556,0.0,2019
130,United States of America,201805.0,0.0,0.0,0.0,2.0,0.0,0.0,0.0,0.0,72.0,0.0,0.0,0.0,0.0,0.0,0.0,0.0,0.0,0.0,0.0,0.0,0.0,0.0,0.0,842.0,0.0,1.0,2430000455.703704,141.11111111111111,2019
131,Uruguay,201851.0,0.0,0.0,0.0,2.0,0.0,0.0,0.0,0.0,72.0,0.0,0.0,0.0,0.0,0.0,0.0,0.0,0.0,0.0,0.0,0.0,0.0,0.0,0.0,858.0,0.0,1.0,9826950.0,239.5,2019
132,Yemen,201855.0,0.0,0.0,0.0,2.0,0.0,0.0,0.0,0.0,72.0,0.0,0.0,0.0,0.0,0.0,0.0,0.0,0.0,0.0,0.0,0.0,0.0,0.0,0.0,887.0,0.0,1.0,10869679.055555556,216.5,2019
133,Zambia,201805.0,0.0,0.0,0.0,2.0,0.0,0.0,0.0,0.0,72.0,0.0,0.0,0.0,0.0,0.0,0.0,0.0,0.0,0.0,0.0,0.0,0.0,0.0,0.0,894.0,0.0,1.0,14935870.518518519,145.85185185185185,2019
134,Zimbabwe,201805.15384615384,0.0,0.0,0.0,2.0,0.0,0.0,0.0,0.0,72.0,0.0,0.0,0.0,0.0,0.0,0.0,0.0,0.0,0.0,0.0,0.0,0.0,0.0,0.0,716.0,0.0,1.0,10540670.961538462,128.76923076923077,2019
